{"stats":{"minecraft:custom":{"minecraft:jump":21,"minecraft:time_since_rest":61,"minecraft:damage_taken":560,"minecraft:leave_game":5,"minecraft:crouch_one_cm":784,"minecraft:time_since_death":56,"minecraft:play_time":130904,"minecraft:sprint_one_cm":5516,"minecraft:walk_one_cm":5936,"minecraft:deaths":9,"minecraft:sneak_time":596,"minecraft:total_world_time":140198,"minecraft:fly_one_cm":153673,"minecraft:drop":107},"minecraft:picked_up":{"minecraft:iron_shovel":4,"minecraft:stone_shovel":3},"minecraft:dropped":{"minecraft:iron_shovel":35,"minecraft:tipped_arrow":35,"minecraft:stone_shovel":37},"minecraft:used":{"minecraft:map":1,"minecraft:stone":1,"minecraft:diorite":1,"minecraft:white_concrete":1,"minecraft:black_concrete":1}},"DataVersion":2730}