{
    "name": "weirdo_maze:pool",
    "fallback": "minecraft:empty",
    "elements": [
        {
            "weight": 1,
            "element": {
                "element_type": "minecraft:single_pool_element",
                "location": "weirdo_maze:end",
                "projection": "rigid",
                "processors": "minecraft:empty"
            }
        },
        {
            "weight": 2,
            "element": {
                "element_type": "minecraft:list_pool_element",
                "projection": "rigid",
                "elements": [
                    {
                        "weight": 1,
                        "location": "weirdo_maze:fork1",
                        "projection": "rigid",
                        "element_type": "minecraft:single_pool_element",
                        "processors": "minecraft:empty"
                    },
                    {
                        "weight": 1,
                        "location": "weirdo_maze:fork2",
                        "projection": "rigid",
                        "element_type": "minecraft:single_pool_element",
                        "processors": "minecraft:empty"
                    },
                    {
                        "weight": 1,
                        "location": "weirdo_maze:fork3",
                        "projection": "rigid",
                        "element_type": "minecraft:single_pool_element",
                        "processors": "minecraft:empty"
                    }
                ]
            }
        },
        {
            "weight": 2,
            "element": {
                "element_type": "minecraft:single_pool_element",
                "location": "weirdo_maze:straight",
                "projection": "rigid",
                "processors": "minecraft:empty"
            }
        },
        {
            "weight": 2,
            "element": {
                "element_type": "minecraft:list_pool_element",
                "projection": "rigid",
                "elements": [
                    {
                        "weight": 1,
                        "location": "weirdo_maze:turn1",
                        "projection": "rigid",
                        "element_type": "minecraft:single_pool_element",
                        "processors": "minecraft:empty"
                    },
                    {
                        "weight": 1,
                        "location": "weirdo_maze:turn2",
                        "projection": "rigid",
                        "element_type": "minecraft:single_pool_element",
                        "processors": "minecraft:empty"
                    }
                ]
            }
        }
    ]
}